Colon,Breast,Cervix,Lung,Skin,Prostate,Blood,seq,binary
0.9807666,0.9744657,0.9843646,0.9575361,0.9772016,0.93971,0.0015661439,FALALKLAKKL,0.9865943
0.98878974,0.98596656,0.9798492,0.9816367,0.99040157,0.97284955,0.0021245717,FAKKLLAKALKL,0.9864103
0.9578005,0.98567545,0.9640172,0.99449855,0.9837321,0.99009216,0.0014848191,FAKLLAKFLKKAL,0.98624784
0.9936287,0.96608865,0.9797559,0.98122895,0.99223346,0.9739523,0.0018003465,FAKLLAKLAKAKA,0.98622143
0.9904121,0.97316647,0.9724662,0.9905594,0.99393827,0.98645896,0.0014922576,FAKLLAKLAKKAA,0.9860504
0.9872195,0.9818328,0.97837603,0.99191684,0.9933075,0.9877774,0.0016204497,FAKLLAKALKKAL,0.98586464
0.9823433,0.02018113,0.99451846,0.039210394,0.023913313,0.02950148,0.90225494,GFKMALKLLKKVL,0.9854886
0.012067922,0.9644661,0.013296138,0.08750283,0.004810691,0.015139163,0.98927927,KWFKKIPKFLHLAKKF,0.98536986
0.072152294,0.9579978,0.04343342,0.79241574,0.087426424,0.05194784,0.56364524,KWKLFKKIPLAKKF,0.98536396
0.99491036,0.9776608,0.9705405,0.95739377,0.9928791,0.9252058,0.0052456944,KAKLAKKALAKLL,0.9852988
0.9857831,0.98494405,0.95374507,0.99393857,0.99315137,0.9920963,0.0015580854,FAKALAKLAKKLL,0.9849287
0.9942381,0.97140753,0.97228956,0.9865753,0.9951935,0.9880832,0.0025242814,FAKKLAKKLAKAL,0.9848765
0.97669965,0.008753819,0.978552,0.005870248,0.006376922,0.0055035395,0.29402798,GKWKKILGHLIR,0.9847121
0.9890522,0.010070329,0.98506606,0.017770894,0.03831967,0.034174297,0.24915373,GKWKKILGKLIR,0.9846015
0.99291706,0.008746354,0.99624956,0.010152025,0.017162865,0.009712368,0.029372692,GKWMSLLKHIWK,0.9845936
0.98641527,0.98893946,0.92530423,0.9929539,0.9935328,0.9916283,0.0017498794,FAKKLAKLAKKALAL,0.98456365
0.009161246,0.15872212,0.020795587,0.976528,0.009718044,0.015160963,0.28174785,KWKLFKKIGIGKFLHLAKKF,0.98444664
0.98976356,0.0047884663,0.9975994,0.016327608,0.0158641,0.0090837,0.20281105,GKFMSLLKHILK,0.98443586
0.9866764,0.004882945,0.9854145,0.008754839,0.011859324,0.009516917,0.71247554,GKWSKILGKLIR,0.98415744
0.9886481,0.92859495,0.98112726,0.9640211,0.9848145,0.9446535,0.0018617604,FAKIIAKIAKKI,0.98413926
0.98129845,0.98430556,0.97946596,0.98204005,0.9774925,0.97410834,0.000966024,FAKLLAKLAKKEL,0.98412865
0.98566294,0.9870359,0.94823253,0.99144447,0.99346054,0.9922668,0.0020540294,FAKKLAKLALKLAKL,0.9839797
0.0056299954,0.9825913,0.011284569,0.21416144,0.004502905,0.009247684,0.9766842,KWKLFKKIPFLHLAKKF,0.98385334
0.963091,0.94679576,0.96771,0.98782253,0.96215355,0.98212945,0.0034493871,FAFGKGIGKVGKKLL,0.98363686
0.97089183,0.041092657,0.029336873,0.9849119,0.9760073,0.97739744,0.013053693,FLGWLFKWAKK,0.98290217
0.96782744,0.9919032,0.9119293,0.9935733,0.9918725,0.99310267,0.0020944304,FAKKLAKKLKKLAKLALAL,0.98279953
0.7326111,0.88961124,0.8697904,0.43869084,0.76862866,0.7812337,0.15050451,KLLLKLKLKLLK,0.9821409
0.056610815,0.8903389,0.082649395,0.02028086,0.0045238636,0.01775666,0.92608416,WKKIPKFLHLLKKF,0.98198926
0.9926809,0.17572609,0.032491717,0.01720982,0.26498777,0.014039302,0.14891554,PAWFKARRWAWRMKKLAA,0.98189527
0.9937171,0.22819047,0.035629295,0.01842316,0.34241772,0.017341012,0.13473098,PAWRKAFRWAWRMKKLAA,0.98188907
0.0057890024,0.7904073,0.009714628,0.8664511,0.010764385,0.01750171,0.81678677,KWKLFKKIGPGKFLHSAKKF,0.98164445
0.9760914,0.97005236,0.010657711,0.96763504,0.9646756,0.978897,0.9472963,GLFAVIKKVAAVIKKL,0.9814876
0.68166417,0.8715189,0.5130564,0.35207403,0.7073262,0.69864404,0.20106736,KLLRLLKKLLRLLLK,0.98098296
0.9722376,0.991634,0.97155285,0.98906785,0.99205875,0.9923933,0.0024637242,FALALKALKKLAKKLKKLAKKAL,0.9806365
0.9347494,0.6822611,0.7996133,0.4929208,0.59236526,0.73108417,0.36864161,LKKLLKKLLKKL,0.98006535
0.9939143,0.09409295,0.08214833,0.008230961,0.2967425,0.011107771,0.21946743,PAWRKAFRAAWRMLKKAA,0.98003656
0.9914538,0.12472643,0.046135847,0.016996948,0.44403464,0.025920678,0.1737558,PAWRKAFRWAKRMLKKAA,0.9800116
0.98879176,0.006450818,0.99722624,0.01098281,0.010511008,0.008373531,0.05764854,GMWSKILGHLIK,0.9798541
0.99489605,0.07102275,0.085513964,0.015576357,0.4365909,0.017545214,0.14777324,PAARKAFRWAWRMLKKAA,0.9795621
0.9933176,0.10775547,0.042261135,0.0088681085,0.440969,0.013540301,0.11923312,PAWRKAARWAWRMLKKAA,0.9788991
0.98979414,0.005716929,0.9949525,0.006292469,0.008775871,0.0066636177,0.12033175,GMWSKILGHLKR,0.97875243
0.9827181,0.9833066,0.01600546,0.015917948,0.9520283,0.016004534,0.005225687,KAAKKAWKAAKKAAKWWKKAA,0.9784533
0.98408747,0.9837848,0.93672264,0.98732793,0.9931506,0.9932374,0.0025055702,FAKKLAKKLKKLAKKLAKLAKKL,0.9782856
0.26650345,0.016518919,0.7245332,0.10272847,0.026388522,0.0046163313,0.82681924,KNWKKILGKIIKVVK,0.97824
0.155979,0.2854551,0.025323186,0.28180322,0.17404337,0.9412689,0.5393147,GLFGKLIKKFGRKAISYAVKKARGKH,0.9781577
0.80748254,0.026784405,0.8134718,0.030956507,0.070410356,0.003141168,0.14545304,KMWSKILGHLIR,0.97802097
0.9892222,0.98690873,0.019585548,0.014990278,0.923024,0.0124126505,0.006365235,KAAKKWAKAWKKAAKAWKKAA,0.97799075
0.996343,0.7835541,0.9731351,0.8122798,0.8504057,0.79632497,0.16977496,VAKLLAKLAKKLL,0.9777358
0.98894966,0.010474769,0.9740437,0.0495985,0.056513567,0.017126989,0.63167703,GFGMALOLLOOVL,0.9777271
0.2710078,0.07811638,0.8236462,0.16293311,0.021118518,0.036129467,0.34239405,GFFALIPKIISSPLFKTLLSAVGSALS,0.97770894
0.73258007,0.87011784,0.73481727,0.864278,0.7061056,0.028908158,0.19182387,KWKSFAKTFKSAKKTVLHTALKAISS,0.9754361
0.044990227,0.9836089,0.020958716,0.024798004,0.05152632,0.015471036,0.11365688,KRLRRVWRRWR,0.97536546
0.22542636,0.3303531,0.10020248,0.5083354,0.5387929,0.39077607,0.29853982,KQLIRFLKRLDRNGGGKLLLKLLKKLLKLLKKK,0.974819
0.9947351,0.82858056,0.8065275,0.77837175,0.8669019,0.78261507,0.17578849,VAKKLAKLAKKLAKLALAL,0.9744879
0.99577475,0.80819005,0.97896874,0.7431334,0.8938527,0.7372474,0.15721291,VALALKALKKALKKLKKALKKAL,0.9744835
0.94899875,0.9325426,0.006271354,0.9719483,0.9472542,0.9762033,0.9656266,GLFAVIKKVASVIGGL,0.9739889
0.74246174,0.9191741,0.6297845,0.89040136,0.7913931,0.07135291,0.17812623,KWKSFLKTFKSAKKTVAHTAAKAISS,0.97360736
0.19753551,0.67657244,0.5868441,0.664591,0.24135964,0.0148708075,0.4453209,KWKSFLKTFKSLKKTVLHTLLKLISS,0.9731609
0.9975168,0.7811348,0.96601427,0.78528273,0.8873687,0.7384876,0.11594212,VAKALKALLKALKAL,0.97274005
0.5603976,0.12188695,0.81043607,0.19709519,0.03991039,0.1320023,0.39379758,THRPPMWSPVWPGGGKLLLKLLKKLLKLLKKK,0.9725364
0.33894816,0.09604775,0.9089748,0.14570701,0.036919255,0.1342413,0.27833924,GFIFHIIKGLFHAGKMIHGLV,0.97235644
0.95589,0.96548367,0.0057921745,0.9570262,0.9628849,0.97644746,0.9671892,GLFDVIKKVASVIKGL,0.9716002
0.24373424,0.10855335,0.92039794,0.11062758,0.21144855,0.1759441,0.8231314,GIIKKIIKKIIKKIIKKI,0.9698475
0.31611472,0.24339215,0.56561065,0.2626095,0.05109217,0.06979135,0.418881,YHWYGYTPQNVIGGGKLLLKLLKKLLKLLKKK,0.96932745
0.9943735,0.69654804,0.9734168,0.82232934,0.8179482,0.7305498,0.15442564,VAKFLAKFLKKAL,0.96854514
0.96078026,0.9736659,0.004300648,0.96218336,0.9607934,0.96953565,0.93605137,GLFDVIKKVAAVIGGL,0.9673327
0.9437126,0.021254715,0.050980248,0.00744297,0.018420774,0.0054228497,0.3905279,PEWFKCRRWQWRMKKLGA,0.96494675
0.60448253,0.056731105,0.308627,0.11658645,0.7923902,0.030492734,0.078539565,KISKRILTGKK,0.9635091
0.012930522,0.98471004,0.0036273543,0.028845454,0.0054980633,0.027257085,0.96782607,MWKWFHNVLSWWWLLADKRPARDYNRK,0.961253
0.74068594,0.23113509,0.7308162,0.20622802,0.037464056,0.17759582,0.8559912,AFGMALKLLKKVL,0.96029216
0.9142984,0.95262015,0.0047814674,0.9592765,0.9624006,0.97366256,0.93710506,GLFDIVKKIAGHIAGSI,0.95840347
0.96967494,0.8762015,0.75412905,0.87816775,0.9419317,0.69493896,0.15158916,VAKKFAKKFKKFAKKFAKFAFAF,0.95833606
0.3678978,0.12999442,0.95220137,0.13014421,0.24918516,0.1763186,0.7507307,GIIKKIIIKKIIIKKI,0.95710677
0.04941712,0.14820227,0.03091744,0.15925243,0.930717,0.056888394,0.16264711,KILRGVAKKILRTFLRRISKDILTGKK,0.9564932
0.4706974,0.054270543,0.88461053,0.043960705,0.024020026,0.031228427,0.67652375,GLLGLLGSVVSHVLPAITQHL,0.95015633
0.9406478,0.97000915,0.0037492507,0.96787083,0.9493612,0.9672319,0.9407957,GLFDVIKAVASVIGGL,0.9443413
0.9646366,0.019666344,0.99155205,0.009966196,0.0066495575,0.0061069755,0.9669037,VNWKKILKKIIKVVK,0.9421935
0.73998773,0.103976466,0.12881675,0.010165216,0.18416461,0.017549083,0.49160832,YGRKKRRQRRR,0.9331771
0.9407298,0.51460385,0.13767049,0.15538175,0.45649132,0.18243821,0.51966673,DDALRRLLRRLLRRL,0.9214714
0.6434996,0.2909134,0.7121073,0.36394304,0.35167554,0.035737116,0.4589657,KVKVKVKVPPTKVKVKVK,0.9085884
0.4757796,0.46038532,0.4020896,0.3411405,0.14301243,0.33316666,0.13579622,LLAGLAANFLPTIICKISYKC,0.9013778
0.64736146,0.84586036,0.04088133,0.6498973,0.64154655,0.9093436,0.2526447,LLGDFFRKSKEK,0.8781252
0.97428024,0.012560239,0.9851305,0.0075570843,0.0039089904,0.0036094845,0.9537674,VYWKKILGKIIKVVK,0.8718588
0.14052555,0.7960636,0.09280976,0.058174025,0.056562215,0.08003381,0.11771722,ALWKNMLKGIGKLAGQAALGAVKTLVGA,0.8680439
0.99366236,0.028407449,0.035886783,0.017368605,0.028922021,0.010076096,0.023201112,PRFWEYWLALME,0.8661723
0.9966124,0.020426245,0.056809682,0.015396831,0.032261312,0.008795746,0.03294829,PRFWEAWLRLME,0.862131
0.938859,0.023957914,0.97346133,0.010327613,0.008410134,0.0138049815,0.89945185,NVWKKILGKIIKVVK,0.85786736
0.99049646,0.08494779,0.01294597,0.03720711,0.058776695,0.01606967,0.019755548,PRFWEYWLRLAE,0.8520528
0.35802567,0.2552824,0.52211344,0.02030958,0.016567659,0.04385249,0.94187135,GLLSVLGSVAKHVLPHVVPVIAEHL,0.8385836
0.07779334,0.9836868,0.10315083,0.4171656,0.022832427,0.27874058,0.08478604,FVDLKKIANIINSIF,0.8002714
0.99344605,0.02365635,0.038220506,0.014045122,0.023697922,0.0070846775,0.028650558,PRFWEYWLRAME,0.7788772
0.9948575,0.015234677,0.05831452,0.010833618,0.02851798,0.006809713,0.031921513,PRAWEYWLRLME,0.76279
0.358716,0.2724536,0.8256359,0.2966679,0.08196187,0.25043115,0.5585596,GIGKFLHSAKKFGKAFVGEIMNS,0.7594063
0.55641145,0.046252087,0.752134,0.021405738,0.0126938475,0.008762815,0.34260184,TRSSRAGLQWPVGRVHRLLRKGGC,0.7225147
0.9954815,0.018225996,0.051710635,0.014231965,0.023929179,0.0078315865,0.05837199,PRFWEYALRLME,0.7088398
0.3913735,0.9063986,0.035209216,0.058817495,0.03198296,0.05144475,0.04176479,LTFSDWWKLLAE,0.69143116
0.28072748,0.051071078,0.22636549,0.08425079,0.24375744,0.005299079,0.3880692,KSCCPNTTGRNIYNACRLTGAPRPTCAKLSGCKIISGSTCPSDYPK,0.63103956
0.18811287,0.07151811,0.10763483,0.09457062,0.29986066,0.007820465,0.35585192,KSCCKNTTGRNIYNTCRFAGGSRERCAKLSGCKIISASTCPSDYPK,0.6248592
0.10854226,0.9842464,0.015183864,0.06036532,0.016002143,0.030368488,0.19887719,ESFSDWWKLLAE,0.6243187
0.3499754,0.422575,0.23296157,0.44045964,0.5742815,0.0618744,0.03883304,KWKVFKKIEKMGRNIRNGIVKAGPAIAVLGEAKAL,0.56420004
0.16830638,0.7938453,0.07163595,0.014459905,0.008959743,0.018171294,0.9482791,MNFQQRLQSLWTLARPFCPPLLATASQMQMVVLPCLGFTLLLWSQVSGAQGQEFHFGPCQVKGVVPQKLWEAFWAVKDTMQAQDNITSARLLQQEVLQNVSDAESCYLVHTLLEFYLKTVFKNYHNRTVEVRTLKSFSTLANNFVLIVSQLQPSQENEMFSIRDSAHRRFLLFRRAFKQL,0.5097948
0.2937696,0.03980636,0.28355464,0.07263386,0.2311937,0.0051251976,0.38153315,KSCCPNTTGRNIYNTCRLTGSSRETCAKLSGCKIISASTCPSNYPK,0.49516279
0.13734595,0.075569816,0.0923937,0.09125832,0.2168212,0.006295039,0.4378468,KSCCPNTTGRNIYNTCRFGGGSREVCARISGCKIISASTCPSDYPK,0.40461937
0.95550853,0.038473386,0.070033625,0.006660187,0.06924906,0.0094601335,0.73045164,PDEDAINNALNKVCSTGRRQRSICKQLLKK,0.29285514
0.8709594,0.86149824,0.8445741,0.7781854,0.03261252,0.056337953,0.111741304,RGDLLRHVVKILEKYL,0.2625447
0.1018569,0.90468216,0.08221403,0.03120854,0.08807585,0.060803503,0.13500705,ALWKDILKNVGKAAGKAVLNTVTDMVNQ,0.24594262
0.8887243,0.19611767,0.09118229,0.009620203,0.019229902,0.008007255,0.044611875,LTFEHYWAQLTS,0.21984103
0.9663345,0.1033624,0.1578022,0.025052408,0.034278303,0.006508137,0.08240099,QETFSDLWKLLP,0.19910417
0.9694786,0.12717696,0.9082673,0.17863297,0.102099165,0.022081526,0.41664067,VNWOOILGOIIOVVO,0.19728848
